,Name,Agent,State,Notes,User,Tags,Created,Runtime,Sweep,activation,batch_size,dropout,epochs,learning_rate,optimizer,GFLOPS,acc,best_epoch,best_val_loss,epoch,loss,val_acc,val_loss
0,zany-sweep-132,4e13075g,crashed,-,viettran,,2022-12-14T19:02:05.000Z,6,e2dunx1n,relu,60,0.2,10,0.001,Adam,,,,,,,,
1,cosmic-sweep-131,4e13075g,finished,-,viettran,,2022-12-14T19:00:07.000Z,115,e2dunx1n,tanh,30,0.4,10,0.001,Adadelta,1.6411343405,0.4343336522579193,,,9.0,0.9640074372291564,0.7006451487541199,0.0661894604563713
2,deft-sweep-130,4e13075g,finished,-,viettran,,2022-12-14T18:58:10.000Z,114,e2dunx1n,tanh,30,0.2,10,0.01,Adadelta,1.6411343405,0.6189092993736267,,,9.0,0.0971966385841369,0.7006451487541199,0.0533554255962371
3,zesty-sweep-129,4e13075g,finished,-,viettran,,2022-12-14T18:56:13.000Z,112,e2dunx1n,tanh,60,0.4,10,0.005,Adam,1.6411343405,0.6214907765388489,,,9.0,0.0817198529839515,0.7006451487541199,0.0669192969799041
4,fluent-sweep-128,4e13075g,finished,-,viettran,,2022-12-14T18:53:55.000Z,136,e2dunx1n,relu,120,0.2,10,0.0001,SGD,1.6411343405,0.6214907765388489,,,9.0,0.0796711519360542,0.7006451487541199,0.0685791671276092
5,morning-sweep-127,4e13075g,finished,-,viettran,,2022-12-14T18:51:37.000Z,134,e2dunx1n,relu,150,0.4,10,0.0001,SGD,1.6411343405,0.6214907765388489,,,9.0,0.0884995386004448,0.7006451487541199,0.0642705485224723
6,summer-sweep-126,4e13075g,finished,-,viettran,,2022-12-14T18:49:40.000Z,113,e2dunx1n,relu,90,0.2,10,0.005,Adadelta,1.6411343405,0.6214907765388489,,,9.0,0.0789529308676719,0.7006451487541199,0.0660819187760353
7,earnest-sweep-125,4e13075g,finished,-,viettran,,2022-12-14T18:47:22.000Z,133,e2dunx1n,elu,90,0.2,10,0.0005,RMSProp,1.6411343405,0.5963214039802551,,,9.0,0.3697988092899322,0.7006451487541199,0.0662914812564849
8,fresh-sweep-124,4e13075g,finished,-,viettran,,2022-12-14T18:45:25.000Z,114,e2dunx1n,elu,120,0.2,10,0.0005,Adadelta,1.6411343405,0.5363020300865173,,,9.0,0.3017840385437011,0.7006451487541199,0.0624440871179103
9,cerulean-sweep-123,4e13075g,finished,-,viettran,,2022-12-14T18:43:07.000Z,133,e2dunx1n,relu,30,0.6,10,0.01,Adadelta,1.6411343405,0.6214907765388489,,,9.0,0.0821449011564254,0.7006451487541199,0.0662807673215866
10,crimson-sweep-122,4e13075g,finished,-,viettran,,2022-12-14T18:41:11.000Z,115,e2dunx1n,tanh,60,0.4,10,0.001,Adam,1.6411343405,0.6214907765388489,,,9.0,0.0806428715586662,0.7006451487541199,0.0652481466531753
11,lemon-sweep-121,4e13075g,finished,-,viettran,,2022-12-14T18:38:13.000Z,173,e2dunx1n,elu,60,0.2,10,0.005,RMSProp,1.6411343405,0.6211681365966797,,,9.0,18894.650390625,0.7006451487541199,0.0617206431925296
12,lively-sweep-120,4e13075g,finished,-,viettran,,2022-12-14T18:36:20.000Z,109,e2dunx1n,relu,60,0.4,10,0.0001,SGD,1.6411343405,0.6214907765388489,,,9.0,0.0858783647418022,0.7006451487541199,0.0640678852796554
13,youthful-sweep-119,4e13075g,finished,-,viettran,,2022-12-14T18:34:03.000Z,135,e2dunx1n,tanh,120,0.6,10,0.0001,SGD,1.6411343405,0.4294933974742889,,,9.0,1.06476628780365,0.7006451487541199,0.0607670843601226
14,earthy-sweep-118,4e13075g,finished,-,viettran,,2022-12-14T18:31:45.000Z,133,e2dunx1n,elu,90,0.4,10,0.01,SGD,1.6411343405,0.6214907765388489,,,9.0,,0.7006451487541199,
15,vivid-sweep-117,4e13075g,finished,-,viettran,,2022-12-14T18:29:48.000Z,113,e2dunx1n,tanh,120,0.4,10,0.0001,Adadelta,1.6411343405,0.423685073852539,,,9.0,1.3655757904052734,0.7006451487541199,0.0619417391717433
16,fresh-sweep-116,4e13075g,finished,-,viettran,,2022-12-14T18:27:50.000Z,114,e2dunx1n,tanh,90,0.6,10,0.0005,RMSProp,1.6411343405,0.6214907765388489,,,9.0,0.0801605209708213,0.7006451487541199,0.0664044320583343
17,daily-sweep-115,4e13075g,finished,-,viettran,,2022-12-14T18:25:33.000Z,135,e2dunx1n,relu,90,0.6,10,0.01,Adadelta,1.6411343405,0.6214907765388489,,,9.0,0.0807650610804557,0.7006451487541199,0.0653520748019218
18,sleek-sweep-114,4e13075g,finished,-,viettran,,2022-12-14T18:23:15.000Z,134,e2dunx1n,tanh,60,0.4,10,0.01,Adadelta,1.6411343405,0.5146821737289429,,,9.0,0.3782474994659424,0.7006451487541199,0.06130813062191
19,misty-sweep-113,4e13075g,finished,-,viettran,,2022-12-14T18:20:58.000Z,135,e2dunx1n,tanh,150,0.4,10,0.005,Adadelta,1.6411343405,0.4666021168231964,,,9.0,0.649116039276123,0.7006451487541199,0.0646561756730079
20,curious-sweep-112,4e13075g,finished,-,viettran,,2022-12-14T18:19:06.000Z,111,e2dunx1n,relu,30,0.6,10,0.01,RMSProp,1.6411343405,0.6214907765388489,,,9.0,0.0794299691915512,0.7006451487541199,0.0652116611599922
21,dandy-sweep-111,4e13075g,finished,-,viettran,,2022-12-14T18:16:48.000Z,135,e2dunx1n,relu,150,0.6,10,0.005,RMSProp,1.6411343405,0.6214907765388489,,,9.0,0.0792316347360611,0.7006451487541199,0.065332293510437
22,zany-sweep-110,4e13075g,finished,-,viettran,,2022-12-14T18:14:50.000Z,117,e2dunx1n,tanh,30,0.2,10,0.0005,RMSProp,1.6411343405,0.6214907765388489,,,9.0,0.1003570109605789,0.7006451487541199,0.0615599565207958
23,scarlet-sweep-109,4e13075g,finished,-,viettran,,2022-12-14T18:12:32.000Z,137,e2dunx1n,elu,60,0.6,10,0.01,Adam,1.6411343405,0.6063246130943298,,,9.0,0.1415256261825561,0.7006451487541199,0.0627842471003532
24,whole-sweep-108,4e13075g,finished,-,viettran,,2022-12-14T18:10:35.000Z,113,e2dunx1n,tanh,30,0.4,10,0.01,Adam,1.6411343405,0.6214907765388489,,,9.0,0.0846717432141304,0.7006451487541199,0.0653957948088646
25,rosy-sweep-107,4e13075g,finished,-,viettran,,2022-12-14T18:08:38.000Z,112,e2dunx1n,elu,60,0.4,10,0.001,Adam,1.6411343405,0.4833817481994629,,,9.0,0.4875913560390472,0.7006451487541199,0.0826059654355049
26,prime-sweep-106,4e13075g,finished,-,viettran,,2022-12-14T18:06:21.000Z,133,e2dunx1n,tanh,60,0.4,10,0.005,RMSProp,1.6411343405,0.6214907765388489,,,9.0,0.08360555768013,0.7006451487541199,0.1036173775792122
27,silver-sweep-105,4e13075g,finished,-,viettran,,2022-12-14T18:04:23.000Z,114,e2dunx1n,tanh,90,0.6,10,0.001,Adadelta,1.6411343405,0.3885124325752258,,,9.0,2.850153684616089,0.7006451487541199,0.1088650822639465
28,glowing-sweep-104,4e13075g,finished,-,viettran,,2022-12-14T18:02:06.000Z,136,e2dunx1n,relu,30,0.4,10,0.01,Adam,1.6411343405,0.6214907765388489,,,9.0,0.0790829360485076,0.7006451487541199,0.0662081763148307
29,cosmic-sweep-103,4e13075g,finished,-,viettran,,2022-12-14T18:00:06.000Z,114,e2dunx1n,elu,60,0.4,10,0.01,RMSProp,1.6411343405,0.5963214039802551,,,9.0,2160198912.0,0.7006451487541199,0.0771519467234611
30,faithful-sweep-102,4e13075g,finished,-,viettran,,2022-12-14T17:58:04.000Z,119,e2dunx1n,tanh,60,0.6,10,0.0001,RMSProp,1.6411343405,0.4172313511371612,,,9.0,1.4572694301605225,0.7006451487541199,0.1038331240415573
31,dandy-sweep-101,4e13075g,finished,-,viettran,,2022-12-14T17:55:40.000Z,138,e2dunx1n,tanh,120,0.6,10,0.005,Adam,1.6411343405,0.6214907765388489,,,9.0,0.0797912329435348,0.7006451487541199,0.0666988417506218
32,quiet-sweep-100,4e13075g,finished,-,viettran,,2022-12-14T17:53:12.000Z,141,e2dunx1n,relu,30,0.6,10,0.005,Adam,1.6411343405,0.6214907765388489,,,9.0,0.079197458922863,0.7006451487541199,0.0658600032329559
33,generous-sweep-99,4e13075g,finished,-,viettran,,2022-12-14T17:50:49.000Z,137,e2dunx1n,elu,30,0.6,10,0.0005,RMSProp,1.6411343405,0.6208454370498657,,,9.0,0.1046669036149978,0.7006451487541199,0.0655703917145729
34,exalted-sweep-98,4e13075g,finished,-,viettran,,2022-12-14T17:48:49.000Z,115,e2dunx1n,tanh,90,0.6,10,0.0005,RMSProp,1.6411343405,0.6214907765388489,,,9.0,0.0809076353907585,0.7006451487541199,0.0673975721001625
35,glad-sweep-97,4e13075g,finished,-,viettran,,2022-12-14T17:46:32.000Z,136,e2dunx1n,tanh,150,0.6,10,0.0005,Adadelta,1.6411343405,0.368505984544754,,,9.0,2.73134446144104,0.5832257866859436,0.3466565012931824
36,charmed-sweep-96,4e13075g,finished,-,viettran,,2022-12-14T17:44:14.000Z,134,e2dunx1n,relu,30,0.2,10,0.001,Adam,1.6411343405,0.6214907765388489,,,9.0,0.0790894702076911,0.7006451487541199,0.0655967742204666
37,whole-sweep-95,4e13075g,finished,-,viettran,,2022-12-14T17:42:17.000Z,112,e2dunx1n,tanh,60,0.4,10,0.001,SGD,1.6411343405,0.6182639598846436,,,9.0,0.1122393906116485,0.7006451487541199,0.06222540512681
38,comic-sweep-94,4e13075g,finished,-,viettran,,2022-12-14T17:39:59.000Z,134,e2dunx1n,relu,150,0.2,10,0.005,RMSProp,1.6411343405,0.6214907765388489,,,9.0,0.0793012008070945,0.7006451487541199,0.0666026920080185
39,fiery-sweep-93,4e13075g,finished,-,viettran,,2022-12-14T17:38:07.000Z,110,e2dunx1n,relu,150,0.6,10,0.005,Adadelta,1.6411343405,0.6214907765388489,,,9.0,0.0902848690748214,0.7006451487541199,0.0666288435459137
40,avid-sweep-92,4e13075g,finished,-,viettran,,2022-12-14T17:36:10.000Z,112,e2dunx1n,tanh,30,0.6,10,0.005,Adam,1.6411343405,0.6214907765388489,,,9.0,0.0795500874519348,0.7006451487541199,0.0666663348674774
41,sweepy-sweep-91,4e13075g,finished,-,viettran,,2022-12-14T17:34:13.000Z,112,e2dunx1n,tanh,60,0.4,10,0.005,Adadelta,1.6411343405,0.4330429136753082,,,9.0,0.9573625326156616,0.7006451487541199,0.0647869855165481
42,hardy-sweep-90,4e13075g,finished,-,viettran,,2022-12-14T17:31:50.000Z,137,e2dunx1n,tanh,60,0.6,10,0.01,Adadelta,1.6411343405,0.391093909740448,,,9.0,2.5531768798828125,0.7006451487541199,0.0761523768305778
43,effortless-sweep-89,4e13075g,finished,-,viettran,,2022-12-14T17:29:46.000Z,121,e2dunx1n,tanh,150,0.6,10,0.001,RMSProp,1.6411343405,0.6214907765388489,,,9.0,0.0795793980360031,0.7006451487541199,0.0655180588364601
44,decent-sweep-88,4e13075g,finished,-,viettran,,2022-12-14T17:27:49.000Z,113,e2dunx1n,elu,120,0.2,10,0.001,Adam,1.6411343405,0.6211681365966797,,,9.0,0.0747747793793678,0.7006451487541199,0.0607363246381282
45,clear-sweep-87,4e13075g,finished,-,viettran,,2022-12-14T17:25:56.000Z,112,e2dunx1n,elu,150,0.2,10,0.0005,SGD,1.6411343405,0.6211681365966797,,,9.0,0.0834848806262016,0.7006451487541199,0.0593979768455028
46,daily-sweep-86,4e13075g,finished,-,viettran,,2022-12-14T17:23:39.000Z,135,e2dunx1n,elu,30,0.4,10,0.01,RMSProp,1.6411343405,0.546305239200592,,,9.0,0.2217496782541275,0.7006451487541199,0.0709026381373405
47,genial-sweep-85,4e13075g,finished,-,viettran,,2022-12-14T17:21:42.000Z,114,e2dunx1n,tanh,60,0.6,10,0.0001,RMSProp,1.6411343405,0.4356243908405304,,,9.0,1.0892553329467771,0.7006451487541199,0.0745887979865074
48,peach-sweep-84,4e13075g,finished,-,viettran,,2022-12-14T17:19:50.000Z,107,e2dunx1n,relu,30,0.6,10,0.005,SGD,1.6411343405,0.6214907765388489,,,9.0,0.0791450068354606,0.7006451487541199,0.0658679082989692
49,hopeful-sweep-83,4e13075g,finished,-,viettran,,2022-12-14T17:17:55.000Z,113,e2dunx1n,elu,90,0.2,10,0.0001,RMSProp,1.6411343405,0.6214907765388489,,,9.0,0.0612602606415748,0.7006451487541199,0.0603383481502532
50,prime-sweep-82,4e13075g,finished,-,viettran,,2022-12-14T17:15:57.000Z,116,e2dunx1n,elu,90,0.2,10,0.01,RMSProp,1.6411343405,0.6005163192749023,,,9.0,1569973.875,0.7006451487541199,0.0737899392843246
51,firm-sweep-81,4e13075g,finished,-,viettran,,2022-12-14T17:13:58.000Z,115,e2dunx1n,relu,30,0.6,10,0.01,RMSProp,1.6411343405,0.6214907765388489,,,9.0,0.0794946774840354,0.7006451487541199,0.0691724941134452
52,logical-sweep-80,4e13075g,finished,-,viettran,,2022-12-14T17:12:00.000Z,112,e2dunx1n,elu,150,0.6,10,0.001,Adam,1.6411343405,0.5995482206344604,,,9.0,0.1532059758901596,0.7006451487541199,0.0706833600997924
53,glamorous-sweep-79,4e13075g,finished,-,viettran,,2022-12-14T17:10:03.000Z,114,e2dunx1n,elu,60,0.4,10,0.01,SGD,1.6411343405,0.6214907765388489,,,9.0,,0.7006451487541199,
54,charmed-sweep-78,4e13075g,finished,-,viettran,,2022-12-14T17:08:10.000Z,112,e2dunx1n,elu,120,0.6,10,0.0005,Adam,1.6411343405,0.6176185607910156,,,9.0,0.1128189489245414,0.7006451487541199,0.063690572977066
55,splendid-sweep-77,4e13075g,finished,-,viettran,,2022-12-14T17:06:17.000Z,111,e2dunx1n,elu,120,0.2,10,0.0001,Adam,1.6411343405,0.4849951565265655,,,9.0,0.4938294291496277,0.7006451487541199,0.0853324830532074
56,feasible-sweep-76,4e13075g,finished,-,viettran,,2022-12-14T17:04:10.000Z,126,e2dunx1n,elu,30,0.6,10,0.01,RMSProp,1.6411343405,0.5892223119735718,,,9.0,302499.15625,0.7006451487541199,0.0693752467632293
57,vague-sweep-75,4e13075g,finished,-,viettran,,2022-12-14T17:01:53.000Z,134,e2dunx1n,tanh,150,0.4,10,0.005,RMSProp,1.6411343405,0.6214907765388489,,,9.0,0.0827976763248443,0.7006451487541199,0.0680967047810554
58,eager-sweep-74,4e13075g,finished,-,viettran,,2022-12-14T17:00:01.000Z,110,e2dunx1n,relu,30,0.6,10,0.0001,SGD,1.6411343405,0.6214907765388489,,,9.0,0.0837906152009964,0.7006451487541199,0.0692349076271057
59,swept-sweep-73,4e13075g,finished,-,viettran,,2022-12-14T16:57:37.000Z,140,e2dunx1n,elu,120,0.2,10,0.01,Adadelta,1.6411343405,0.6195546984672546,,,9.0,0.09398253262043,0.7006451487541199,0.053725603967905
60,sage-sweep-72,4e13075g,finished,-,viettran,,2022-12-14T16:55:40.000Z,112,e2dunx1n,tanh,150,0.4,10,0.0001,SGD,1.6411343405,0.5782510638237,,,9.0,0.2065573483705521,0.7006451487541199,0.0635854750871658
61,fragrant-sweep-71,4e13075g,finished,-,viettran,,2022-12-14T16:53:48.000Z,111,e2dunx1n,relu,90,0.4,10,0.0001,Adadelta,1.6411343405,0.6202000379562378,,,9.0,0.0964487046003341,0.7006451487541199,0.0663522854447364
62,avid-sweep-70,4e13075g,finished,-,viettran,,2022-12-14T16:51:49.000Z,114,e2dunx1n,tanh,60,0.4,10,0.0001,Adam,1.6411343405,0.6214907765388489,,,9.0,0.0808965787291526,0.7006451487541199,0.0665873810648918
63,divine-sweep-69,4e13075g,finished,-,viettran,,2022-12-14T16:49:51.000Z,115,e2dunx1n,tanh,120,0.2,10,0.0001,RMSProp,1.6411343405,0.6221361756324768,,,9.0,0.0602554716169834,0.7006451487541199,0.0565613768994808
64,pleasant-sweep-68,4e13075g,finished,-,viettran,,2022-12-14T16:47:54.000Z,113,e2dunx1n,elu,30,0.4,10,0.0001,SGD,1.6411343405,0.6050338745117188,,,9.0,0.1362371295690536,0.7006451487541199,0.0650914832949638
65,warm-sweep-67,4e13075g,finished,-,viettran,,2022-12-14T16:45:37.000Z,133,e2dunx1n,elu,60,0.2,10,0.005,Adam,1.6411343405,0.4795095324516296,,,9.0,0.6529539227485657,0.7006451487541199,0.0627394393086433
66,playful-sweep-66,4e13075g,finished,-,viettran,,2022-12-14T16:43:40.000Z,115,e2dunx1n,elu,60,0.2,10,0.01,RMSProp,1.6411343405,0.5782510638237,,,9.0,3945.872802734375,0.7006451487541199,0.0619900971651077
67,royal-sweep-65,4e13075g,finished,-,viettran,,2022-12-14T16:41:48.000Z,108,e2dunx1n,relu,150,0.6,10,0.001,SGD,1.6411343405,0.6214907765388489,,,9.0,0.0791083499789238,0.7006451487541199,0.0659532770514488
68,hopeful-sweep-64,4e13075g,finished,-,viettran,,2022-12-14T16:39:29.000Z,137,e2dunx1n,relu,30,0.2,10,0.001,SGD,1.6411343405,0.6214907765388489,,,9.0,0.0793048292398452,0.7006451487541199,0.0651943311095237
69,floral-sweep-63,4e13075g,finished,-,viettran,,2022-12-14T16:37:32.000Z,113,e2dunx1n,elu,90,0.6,10,0.005,Adam,1.6411343405,0.5998709201812744,,,9.0,0.165059894323349,0.7006451487541199,0.0796267986297607
70,peachy-sweep-62,4e13075g,finished,-,viettran,,2022-12-14T16:35:35.000Z,112,e2dunx1n,tanh,150,0.4,10,0.0005,Adadelta,1.6411343405,0.4343336522579193,,,9.0,1.108278751373291,0.7006451487541199,0.0670844539999961
71,generous-sweep-61,4e13075g,finished,-,viettran,,2022-12-14T16:33:28.000Z,124,e2dunx1n,relu,120,0.2,10,0.0005,SGD,1.6411343405,0.6214907765388489,,,9.0,0.0794464573264122,0.7006451487541199,0.0643742978572845
72,smooth-sweep-60,4e13075g,finished,-,viettran,,2022-12-14T16:31:32.000Z,110,e2dunx1n,relu,120,0.6,10,0.005,Adam,1.6411343405,0.6214907765388489,,,9.0,0.0791348665952682,0.7006451487541199,0.0656323656439781
73,sage-sweep-59,4e13075g,finished,-,viettran,,2022-12-14T16:29:30.000Z,118,e2dunx1n,relu,60,0.6,10,0.001,RMSProp,1.6411343405,0.6214907765388489,,,9.0,0.0791187435388565,0.7006451487541199,0.0661396756768226
74,rose-sweep-58,4e13075g,finished,-,viettran,,2022-12-14T16:27:32.000Z,113,e2dunx1n,tanh,120,0.4,10,0.01,RMSProp,1.6411343405,0.6214907765388489,,,9.0,0.0895938947796821,0.7006451487541199,0.0600374229252338
75,stellar-sweep-57,4e13075g,finished,-,viettran,,2022-12-14T16:25:35.000Z,114,e2dunx1n,elu,150,0.4,10,0.005,Adadelta,1.6411343405,0.5014520883560181,,,9.0,0.4395833015441894,0.7006451487541199,0.0578975714743137
76,gallant-sweep-56,4e13075g,finished,-,viettran,,2022-12-14T16:23:32.000Z,114,e2dunx1n,tanh,30,0.2,10,0.0005,Adadelta,1.6411343405,0.5121006965637207,,,9.0,0.3960460126399994,0.7006451487541199,0.063741959631443
77,jumping-sweep-55,4e13075g,finished,-,viettran,,2022-12-14T16:21:22.000Z,129,e2dunx1n,elu,150,0.6,10,0.01,Adam,1.6411343405,0.6024523973464966,,,9.0,0.1535709500312805,0.7006451487541199,0.0674274340271949
78,eager-sweep-54,4e13075g,finished,-,viettran,,2022-12-14T16:19:03.000Z,134,e2dunx1n,tanh,120,0.4,10,0.01,RMSProp,1.6411343405,0.6214907765388489,,,9.0,0.0885758996009826,0.7006451487541199,0.0614044964313507
79,fragrant-sweep-53,4e13075g,finished,-,viettran,,2022-12-14T16:17:06.000Z,115,e2dunx1n,tanh,60,0.2,10,0.005,SGD,1.6411343405,0.6214907765388489,,,9.0,0.0820733830332756,0.7006451487541199,0.0638236030936241
80,woven-sweep-52,4e13075g,finished,-,viettran,,2022-12-14T16:15:09.000Z,111,e2dunx1n,relu,150,0.6,10,0.0001,SGD,1.6411343405,0.6211681365966797,,,9.0,0.087308332324028,0.7006451487541199,0.0635615140199661
81,electric-sweep-51,4e13075g,finished,-,viettran,,2022-12-14T16:13:17.000Z,109,e2dunx1n,relu,30,0.4,10,0.0005,SGD,1.6411343405,0.6214907765388489,,,9.0,0.0804879069328308,0.7006451487541199,0.0672680884599685
82,rose-sweep-50,4e13075g,finished,-,viettran,,2022-12-14T16:10:59.000Z,134,e2dunx1n,relu,30,0.4,10,0.0001,RMSProp,1.6411343405,0.6211681365966797,7.0,0.0426181629300117,9.0,0.0576215088367462,0.7019354701042175,0.0438037365674972
83,usual-sweep-49,4e13075g,finished,-,viettran,,2022-12-14T16:08:42.000Z,132,e2dunx1n,tanh,90,0.6,10,0.005,Adam,1.6411343405,0.6214907765388489,,,9.0,0.0815896987915039,0.7006451487541199,0.0654507130384445
84,misty-sweep-48,4e13075g,finished,-,viettran,,2022-12-14T16:06:44.000Z,112,e2dunx1n,elu,60,0.4,10,0.0005,SGD,1.6411343405,0.6163278222084045,,,9.0,0.1147733777761459,0.7006451487541199,0.0627172291278839
85,tough-sweep-47,4e13075g,finished,-,viettran,,2022-12-14T16:04:52.000Z,110,e2dunx1n,relu,150,0.2,10,0.005,Adadelta,1.6411343405,0.6214907765388489,,,9.0,0.0789705738425254,0.7006451487541199,0.0657527074217796
86,twilight-sweep-46,4e13075g,finished,-,viettran,,2022-12-14T16:02:55.000Z,112,e2dunx1n,elu,90,0.6,10,0.001,Adam,1.6411343405,0.6192319989204407,,,9.0,0.1093616560101509,0.7006451487541199,0.0651791617274284
87,dashing-sweep-45,4e13075g,finished,-,viettran,,2022-12-14T15:58:41.000Z,251,e2dunx1n,relu,60,0.4,10,0.0005,RMSProp,1.6411343405,0.6208454370498657,,,9.0,0.079136312007904,0.7006451487541199,0.0649968236684799
88,swift-sweep-44,4e13075g,finished,-,viettran,,2022-12-14T15:56:23.000Z,135,e2dunx1n,relu,120,0.2,10,0.005,SGD,1.6411343405,0.6214907765388489,,,9.0,0.0792376771569252,0.7006451487541199,0.0659060701727867
89,effortless-sweep-43,4e13075g,finished,-,viettran,,2022-12-14T15:54:26.000Z,112,e2dunx1n,elu,150,0.4,10,0.0005,Adam,1.6411343405,0.5227492451667786,,,9.0,0.3171088993549347,0.7006451487541199,0.0709405839443206
90,smooth-sweep-42,4e13075g,finished,-,viettran,,2022-12-14T15:52:08.000Z,135,e2dunx1n,elu,120,0.2,10,0.01,Adadelta,1.6411343405,0.6211681365966797,,,9.0,0.088653527200222,0.7006451487541199,0.0554427914321422
91,swept-sweep-41,4e13075g,finished,-,viettran,,2022-12-14T15:50:11.000Z,111,e2dunx1n,elu,90,0.6,10,0.01,SGD,1.6411343405,0.6214907765388489,,,9.0,,0.7006451487541199,
92,summer-sweep-40,4e13075g,finished,-,viettran,,2022-12-14T15:48:14.000Z,112,e2dunx1n,elu,150,0.6,10,0.01,Adam,1.6411343405,0.6137463450431824,,,9.0,0.1306470483541488,0.7006451487541199,0.0700802877545356
93,stilted-sweep-39,4e13075g,finished,-,viettran,,2022-12-14T15:46:17.000Z,113,e2dunx1n,elu,60,0.2,10,0.0001,Adadelta,1.6411343405,0.5298483371734619,,,9.0,0.3024207055568695,0.7006451487541199,0.0723928660154342
94,eternal-sweep-38,4e13075g,finished,-,viettran,,2022-12-14T15:44:20.000Z,113,e2dunx1n,elu,30,0.2,10,0.01,Adadelta,1.6411343405,0.6208454370498657,,,9.0,0.0890928655862808,0.7006451487541199,0.0538224801421165
95,daily-sweep-37,4e13075g,finished,-,viettran,,2022-12-14T15:41:32.000Z,166,e2dunx1n,elu,30,0.2,10,0.005,RMSProp,1.6411343405,0.6208454370498657,,,9.0,0.1037497371435165,0.7006451487541199,0.1010680794715881
96,pious-sweep-36,4e13075g,finished,-,viettran,,2022-12-14T15:39:39.000Z,110,e2dunx1n,relu,60,0.6,10,0.01,SGD,1.6411343405,0.6214907765388489,,,9.0,0.07906274497509,0.7006451487541199,0.0656035915017128
97,different-sweep-35,4e13075g,finished,-,viettran,,2022-12-14T15:37:47.000Z,110,e2dunx1n,relu,150,0.4,10,0.001,Adadelta,1.6411343405,0.6214907765388489,,,9.0,0.0850570499897003,0.7006451487541199,0.0660605728626251
98,major-sweep-34,4e13075g,finished,-,viettran,,2022-12-14T15:35:55.000Z,110,e2dunx1n,relu,90,0.6,10,0.0005,SGD,1.6411343405,0.6214907765388489,,,9.0,0.079222485423088,0.7006451487541199,0.064972311258316
99,pleasant-sweep-33,4e13075g,finished,-,viettran,,2022-12-14T15:33:38.000Z,134,e2dunx1n,elu,60,0.2,10,0.0005,Adam,1.6411343405,0.5495321154594421,,,9.0,0.2545627057552337,0.7006451487541199,0.0712904632091522
100,skilled-sweep-32,4e13075g,finished,-,viettran,,2022-12-14T15:31:41.000Z,111,e2dunx1n,tanh,120,0.4,10,0.0001,SGD,1.6411343405,0.5911584496498108,,,9.0,0.171592965722084,0.7006451487541199,0.0712883397936821
101,deep-sweep-31,4e13075g,finished,-,viettran,,2022-12-14T15:29:23.000Z,134,e2dunx1n,tanh,150,0.4,10,0.0005,SGD,1.6411343405,0.6114875674247742,,,9.0,0.1281848847866058,0.7006451487541199,0.0621242262423038
102,legendary-sweep-30,4e13075g,finished,-,viettran,,2022-12-14T15:26:55.000Z,146,e2dunx1n,tanh,30,0.2,10,0.001,Adam,1.6411343405,0.6208454370498657,,,9.0,0.0981384366750717,0.7006451487541199,0.0754338875412941
103,ruby-sweep-29,4e13075g,finished,-,viettran,,2022-12-14T15:24:58.000Z,114,e2dunx1n,elu,120,0.4,10,0.01,RMSProp,1.6411343405,0.5446918606758118,,,9.0,1276571.75,0.7006451487541199,0.0782187730073928
104,colorful-sweep-28,4e13075g,finished,-,viettran,,2022-12-14T15:23:06.000Z,111,e2dunx1n,relu,150,0.6,10,0.0001,RMSProp,1.6411343405,0.6214907765388489,,,9.0,0.0791840329766273,0.7006451487541199,0.0659008994698524
105,cool-sweep-27,4e13075g,finished,-,viettran,,2022-12-14T15:21:14.000Z,109,e2dunx1n,relu,90,0.6,10,0.005,SGD,1.6411343405,0.6214907765388489,,,9.0,0.0790889337658882,0.7006451487541199,0.0652362629771232
106,earnest-sweep-26,4e13075g,finished,-,viettran,,2022-12-14T15:18:27.000Z,163,e2dunx1n,relu,60,0.4,10,0.0001,RMSProp,1.6411343405,0.6214907765388489,,,9.0,0.0790926590561866,0.7006451487541199,0.0662020072340965
107,ruby-sweep-25,4e13075g,finished,-,viettran,,2022-12-14T15:16:29.000Z,113,e2dunx1n,elu,90,0.6,10,0.0001,Adadelta,1.6411343405,0.3475314676761627,,,9.0,13.129565238952637,0.7006451487541199,0.1042812317609787
108,worthy-sweep-24,4e13075g,finished,-,viettran,,2022-12-14T15:14:12.000Z,134,e2dunx1n,tanh,60,0.6,10,0.001,SGD,1.6411343405,0.6214907765388489,,,9.0,0.0814906284213066,0.7006451487541199,0.0688985884189605
109,golden-sweep-23,4e13075g,finished,-,viettran,,2022-12-14T15:12:16.000Z,111,e2dunx1n,relu,90,0.6,10,0.0005,Adam,1.6411343405,0.6214907765388489,,,9.0,0.0790943056344986,0.7006451487541199,0.0666341558098793
110,clean-sweep-22,4e13075g,finished,-,viettran,,2022-12-14T15:09:58.000Z,135,e2dunx1n,elu,90,0.2,10,0.01,Adam,1.6411343405,0.4979025423526764,,,9.0,0.4512616395950317,0.7006451487541199,0.0617358312010765
111,azure-sweep-21,4e13075g,finished,-,viettran,,2022-12-14T15:07:40.000Z,133,e2dunx1n,tanh,150,0.6,10,0.005,Adadelta,1.6411343405,0.4072281420230865,,,9.0,1.630263328552246,0.7006451487541199,0.0684323981404304
112,firm-sweep-20,4e13075g,finished,-,viettran,,2022-12-14T15:05:38.000Z,117,e2dunx1n,elu,60,0.2,10,0.001,RMSProp,1.6411343405,0.6140690445899963,,,9.0,1.968123197555542,0.7006451487541199,0.0660837218165397
113,eager-sweep-19,4e13075g,finished,-,viettran,,2022-12-14T15:03:16.000Z,137,e2dunx1n,elu,120,0.6,10,0.001,Adam,1.6411343405,0.5692158937454224,,,9.0,0.2003645002841949,0.7006451487541199,0.070237748324871
114,fresh-sweep-18,4e13075g,finished,-,viettran,,2022-12-14T15:01:23.000Z,109,e2dunx1n,relu,30,0.6,10,0.0005,SGD,1.6411343405,0.6214907765388489,,,9.0,0.0796947479248046,0.7006451487541199,0.068053126335144
115,devoted-sweep-17,4e13075g,finished,-,viettran,,2022-12-14T14:59:06.000Z,135,e2dunx1n,tanh,150,0.2,10,0.001,RMSProp,1.6411343405,0.6214907765388489,,,9.0,0.0805474817752838,0.7006451487541199,0.0674328058958053
116,fast-sweep-16,4e13075g,finished,-,viettran,,2022-12-14T14:57:14.000Z,110,e2dunx1n,relu,60,0.4,10,0.0005,Adam,1.6411343405,0.6214907765388489,,,9.0,0.0792035609483718,0.7006451487541199,0.0663641765713691
117,icy-sweep-15,4e13075g,finished,-,viettran,,2022-12-14T14:54:56.000Z,133,e2dunx1n,elu,30,0.2,10,0.001,RMSProp,1.6411343405,0.5524362921714783,,,9.0,0.3770458996295929,0.7006451487541199,0.0717497915029525
118,ruby-sweep-14,4e13075g,finished,-,viettran,,2022-12-14T14:53:05.000Z,108,e2dunx1n,relu,60,0.6,10,0.0005,Adam,1.6411343405,0.6214907765388489,,,9.0,0.0790698230266571,0.7006451487541199,0.0659630298614502
119,glowing-sweep-13,4e13075g,finished,-,viettran,,2022-12-14T14:50:47.000Z,134,e2dunx1n,tanh,120,0.6,10,0.0001,SGD,1.6411343405,0.4275572896003723,,,9.0,1.4201157093048096,0.7006451487541199,0.0653974935412406
120,sleek-sweep-12,4e13075g,finished,-,viettran,,2022-12-14T14:48:50.000Z,113,e2dunx1n,tanh,120,0.4,10,0.005,RMSProp,1.6411343405,0.6214907765388489,,,9.0,0.0831141769886016,0.7006451487541199,0.0818764716386795
121,sweepy-sweep-11,4e13075g,finished,-,viettran,,2022-12-14T14:46:58.000Z,109,e2dunx1n,relu,60,0.6,10,0.005,Adam,1.6411343405,0.6214907765388489,,,9.0,0.0791429802775383,0.7006451487541199,0.0659325644373893
122,fallen-sweep-10,4e13075g,finished,-,viettran,,2022-12-14T14:45:06.000Z,109,e2dunx1n,relu,30,0.6,10,0.0005,Adadelta,1.6411343405,0.5550177693367004,,,9.0,0.4181098341941833,0.7006451487541199,0.0679483786225318
123,happy-sweep-9,4e13075g,finished,-,viettran,,2022-12-14T14:43:09.000Z,115,e2dunx1n,elu,30,0.6,10,0.001,RMSProp,1.6411343405,0.5853500962257385,,,9.0,4.909209728240967,0.7006451487541199,0.0645345151424408
124,glad-sweep-8,4e13075g,finished,-,viettran,,2022-12-14T14:40:51.000Z,136,e2dunx1n,elu,90,0.4,10,0.01,RMSProp,1.6411343405,0.5379154682159424,,,9.0,6347642.0,0.7006451487541199,0.068092904984951
125,ethereal-sweep-7,4e13075g,finished,-,viettran,,2022-12-14T14:38:54.000Z,112,e2dunx1n,tanh,120,0.6,10,0.001,SGD,1.6411343405,0.6214907765388489,,,9.0,0.0805909261107444,0.7006451487541199,0.0656844228506088
126,deft-sweep-6,4e13075g,finished,-,viettran,,2022-12-14T14:36:22.000Z,148,e2dunx1n,tanh,60,0.2,10,0.005,Adadelta,1.6411343405,0.595353364944458,,,9.0,0.1490332931280136,0.7006451487541199,0.0574737973511219
127,peach-sweep-5,4e13075g,finished,-,viettran,,2022-12-14T14:34:30.000Z,109,e2dunx1n,relu,30,0.2,10,0.0005,Adam,1.6411343405,0.6214907765388489,,,9.0,0.0791450515389442,0.7006451487541199,0.0653676241636276
128,iconic-sweep-4,4e13075g,finished,-,viettran,,2022-12-14T14:32:33.000Z,113,e2dunx1n,tanh,30,0.2,10,0.0001,RMSProp,1.6411343405,0.6221361756324768,5.0,0.0534958392381668,9.0,0.0607599318027496,0.7006451487541199,0.0582528002560138
129,fast-sweep-3,4e13075g,finished,-,viettran,,2022-12-14T14:30:35.000Z,113,e2dunx1n,tanh,30,0.2,10,0.0001,Adadelta,1.6411343405,0.48434978723526,,,9.0,0.5057423114776611,0.7006451487541199,0.0716145262122154
130,soft-sweep-2,4e13075g,finished,-,viettran,,2022-12-14T14:28:18.000Z,133,e2dunx1n,elu,90,0.2,10,0.0005,Adadelta,1.6411343405,0.5546950697898865,8.0,0.0599355995655059,9.0,0.2337018251419067,0.7006451487541199,0.060407880693674
131,atomic-sweep-1,4e13075g,finished,-,viettran,,2022-12-14T14:25:39.000Z,158,e2dunx1n,tanh,60,0.4,10,0.001,RMSProp,1.6411343405,0.6214907765388489,3.0,0.0627563297748565,9.0,0.0796507373452186,0.7006451487541199,0.0670032799243927
0,lemon-sweep-121,uiqnw2ml,crashed,-,viettran,,2022-12-14T12:04:23.000Z,11,6og0xp9o,relu,120,0.6,10,0.001,SGD,,,,,,,,
1,daily-sweep-120,uiqnw2ml,finished,-,viettran,,2022-12-14T12:02:12.000Z,116,6og0xp9o,elu,90,0.6,10,0.0001,RMSProp,1.6411343405,0.560503363609314,,,9.0,0.320310890674591,0.6051613092422485,0.0979431122541427
2,denim-sweep-119,uiqnw2ml,finished,-,viettran,,2022-12-14T12:00:20.000Z,110,6og0xp9o,relu,120,0.4,10,0.01,RMSProp,1.6411343405,0.6627944707870483,,,9.0,0.0706572011113166,0.6051613092422485,0.0849122777581214
3,visionary-sweep-118,uiqnw2ml,finished,-,viettran,,2022-12-14T11:58:22.000Z,113,6og0xp9o,tanh,30,0.6,10,0.0005,RMSProp,1.6411343405,0.6627944707870483,,,9.0,0.0706140771508216,0.6051613092422485,0.0872022435069084
4,faithful-sweep-117,uiqnw2ml,finished,-,viettran,,2022-12-14T11:56:25.000Z,113,6og0xp9o,tanh,90,0.2,10,0.001,SGD,1.6411343405,0.6627944707870483,,,9.0,0.0711496323347091,0.6051613092422485,0.0791370347142219
5,confused-sweep-116,uiqnw2ml,finished,-,viettran,,2022-12-14T11:54:28.000Z,113,6og0xp9o,elu,150,0.4,10,0.01,Adadelta,1.6411343405,0.5721200108528137,,,9.0,0.27866131067276,0.6051613092422485,0.0904079005122184
6,usual-sweep-115,uiqnw2ml,finished,-,viettran,,2022-12-14T11:52:36.000Z,109,6og0xp9o,relu,150,0.6,10,0.0001,Adadelta,1.6411343405,0.3268796503543854,,,9.0,1.2159740924835205,0.6051613092422485,0.0872119814157486
7,silver-sweep-114,uiqnw2ml,finished,-,viettran,,2022-12-14T11:50:19.000Z,133,6og0xp9o,tanh,150,0.6,10,0.005,RMSProp,1.6411343405,0.6627944707870483,,,9.0,0.0753126516938209,0.6051613092422485,0.0979304164648056
8,valiant-sweep-113,uiqnw2ml,finished,-,viettran,,2022-12-14T11:48:01.000Z,132,6og0xp9o,relu,120,0.2,10,0.005,Adadelta,1.6411343405,0.6627944707870483,,,9.0,0.0704758614301681,0.6051613092422485,0.0857644081115722
9,apricot-sweep-112,uiqnw2ml,finished,-,viettran,,2022-12-14T11:46:10.000Z,109,6og0xp9o,tanh,30,0.2,10,0.01,SGD,1.6411343405,0.6627944707870483,,,9.0,0.0708780139684677,0.6051613092422485,0.0891531184315681
10,valiant-sweep-111,uiqnw2ml,finished,-,viettran,,2022-12-14T11:44:12.000Z,116,6og0xp9o,elu,60,0.4,10,0.001,Adadelta,1.6411343405,0.4494998455047607,,,9.0,1.024859070777893,0.6051613092422485,0.1415209621191024
11,trim-sweep-110,uiqnw2ml,finished,-,viettran,,2022-12-14T11:42:15.000Z,114,6og0xp9o,elu,60,0.4,10,0.0001,RMSProp,1.6411343405,0.6611810326576233,,,9.0,0.0817882344126701,0.6051613092422485,0.0729702934622764
12,crisp-sweep-109,uiqnw2ml,finished,-,viettran,,2022-12-14T11:40:17.000Z,116,6og0xp9o,relu,30,0.2,10,0.0001,RMSProp,1.6411343405,0.6621490716934204,9.0,0.0480171740055084,9.0,0.0511935837566852,0.6051613092422485,0.0480171740055084
13,unique-sweep-108,uiqnw2ml,finished,-,viettran,,2022-12-14T11:38:20.000Z,112,6og0xp9o,tanh,150,0.6,10,0.0001,RMSProp,1.6411343405,0.4985479116439819,,,9.0,0.5609423518180847,0.6051613092422485,0.085117295384407
14,sweepy-sweep-107,uiqnw2ml,finished,-,viettran,,2022-12-14T11:36:29.000Z,108,6og0xp9o,elu,90,0.6,10,0.01,Adadelta,1.6411343405,0.390771210193634,,,9.0,4.45780611038208,0.6051613092422485,0.1582464426755905
15,devoted-sweep-106,uiqnw2ml,finished,-,viettran,,2022-12-14T11:34:36.000Z,110,6og0xp9o,tanh,90,0.4,10,0.001,Adadelta,1.6411343405,0.5040335655212402,,,9.0,0.6339419484138489,0.6051613092422485,0.0823756828904151
16,hopeful-sweep-105,uiqnw2ml,finished,-,viettran,,2022-12-14T11:32:45.000Z,110,6og0xp9o,elu,120,0.4,10,0.001,RMSProp,1.6411343405,0.6627944707870483,,,9.0,0.0740055665373802,0.6051613092422485,0.0922550410032272
17,dry-sweep-104,uiqnw2ml,finished,-,viettran,,2022-12-14T11:30:52.000Z,109,6og0xp9o,relu,60,0.6,10,0.01,RMSProp,1.6411343405,0.6627944707870483,,,9.0,0.0706539079546928,0.6051613092422485,0.0845897570252418
18,decent-sweep-103,uiqnw2ml,finished,-,viettran,,2022-12-14T11:29:01.000Z,109,6og0xp9o,elu,150,0.6,10,0.001,SGD,1.6411343405,0.6627944707870483,,,9.0,0.0761307179927825,0.6051613092422485,0.0867750495672226
19,dry-sweep-102,uiqnw2ml,finished,-,viettran,,2022-12-14T11:26:43.000Z,133,6og0xp9o,relu,90,0.6,10,0.01,Adam,1.6411343405,0.6627944707870483,,,9.0,0.0702973082661628,0.6051613092422485,0.0846199318766594
20,glowing-sweep-101,uiqnw2ml,finished,-,viettran,,2022-12-14T11:24:51.000Z,111,6og0xp9o,tanh,120,0.4,10,0.005,RMSProp,1.6411343405,0.6627944707870483,,,9.0,0.0738801881670951,0.6051613092422485,0.0891612768173217
21,chocolate-sweep-100,uiqnw2ml,finished,-,viettran,,2022-12-14T11:22:11.000Z,154,6og0xp9o,tanh,30,0.6,10,0.01,RMSProp,1.6411343405,0.6627944707870483,,,9.0,0.0809298679232597,0.6051613092422485,0.0995915457606315
22,lemon-sweep-99,uiqnw2ml,finished,-,viettran,,2022-12-14T11:20:18.000Z,109,6og0xp9o,relu,120,0.6,10,0.0001,RMSProp,1.6411343405,0.6627944707870483,,,9.0,0.0702574700117111,0.6051613092422485,0.08611511439085
23,azure-sweep-98,uiqnw2ml,finished,-,viettran,,2022-12-14T11:18:01.000Z,133,6og0xp9o,tanh,150,0.2,10,0.005,SGD,1.6411343405,0.6627944707870483,,,9.0,0.0670042261481285,0.6051613092422485,0.0705122500658035
24,soft-sweep-97,uiqnw2ml,finished,-,viettran,,2022-12-14T11:16:04.000Z,111,6og0xp9o,elu,150,0.6,10,0.005,Adadelta,1.6411343405,0.3704420924186706,,,9.0,10.94526195526123,0.6051613092422485,0.0820268467068672
25,royal-sweep-96,uiqnw2ml,finished,-,viettran,,2022-12-14T11:13:41.000Z,137,6og0xp9o,tanh,30,0.6,10,0.005,Adam,1.6411343405,0.6627944707870483,,,9.0,0.0709735304117202,0.6051613092422485,0.0858385115861892
26,likely-sweep-95,uiqnw2ml,finished,-,viettran,,2022-12-14T11:11:20.000Z,137,6og0xp9o,tanh,150,0.2,10,0.01,Adadelta,1.6411343405,0.6621490716934204,,,9.0,0.075994960963726,0.6051613092422485,0.0710370540618896
27,daily-sweep-94,uiqnw2ml,finished,-,viettran,,2022-12-14T11:09:03.000Z,134,6og0xp9o,relu,120,0.4,10,0.0005,RMSProp,1.6411343405,0.6624717712402344,,,9.0,0.0585601218044757,0.6051613092422485,0.0595129132270813
28,azure-sweep-93,uiqnw2ml,finished,-,viettran,,2022-12-14T11:06:45.000Z,136,6og0xp9o,tanh,60,0.2,10,0.001,RMSProp,1.6411343405,0.6627944707870483,,,9.0,0.0710036754608154,0.6051613092422485,0.0793284922838211
29,fresh-sweep-92,uiqnw2ml,finished,-,viettran,,2022-12-14T11:04:48.000Z,115,6og0xp9o,tanh,60,0.6,10,0.01,RMSProp,1.6411343405,0.6627944707870483,,,9.0,0.0809834823012352,0.6051613092422485,0.0843133926391601
30,firm-sweep-91,uiqnw2ml,finished,-,viettran,,2022-12-14T11:02:46.000Z,118,6og0xp9o,tanh,90,0.6,10,0.0005,RMSProp,1.6411343405,0.6627944707870483,,,9.0,0.0741527900099754,0.6051613092422485,0.0846330225467681
31,comic-sweep-90,uiqnw2ml,finished,-,viettran,,2022-12-14T11:00:41.000Z,119,6og0xp9o,elu,120,0.6,10,0.001,Adadelta,1.6411343405,0.2913843095302582,,,9.0,17.479677200317383,0.6051613092422485,1.2653762102127075
32,absurd-sweep-89,uiqnw2ml,finished,-,viettran,,2022-12-14T10:58:24.000Z,135,6og0xp9o,relu,120,0.2,10,0.005,Adam,1.6411343405,0.6627944707870483,,,9.0,0.0702895820140838,0.6051613092422485,0.0859272107481956
33,effortless-sweep-88,uiqnw2ml,finished,-,viettran,,2022-12-14T10:56:32.000Z,109,6og0xp9o,relu,150,0.6,10,0.0001,SGD,1.6411343405,0.6627944707870483,,,9.0,0.0737083181738853,0.6051613092422485,0.0876761972904205
34,crisp-sweep-87,uiqnw2ml,finished,-,viettran,,2022-12-14T10:54:35.000Z,114,6og0xp9o,elu,60,0.2,10,0.0001,RMSProp,1.6411343405,0.6631171107292175,,,9.0,0.0498215220868587,0.6051613092422485,0.071463793516159
35,gallant-sweep-86,uiqnw2ml,finished,-,viettran,,2022-12-14T10:52:38.000Z,114,6og0xp9o,tanh,30,0.6,10,0.005,Adam,1.6411343405,0.6627944707870483,,,9.0,0.0706716328859329,0.6051613092422485,0.0847051218152046
36,elated-sweep-85,uiqnw2ml,finished,-,viettran,,2022-12-14T10:50:45.000Z,111,6og0xp9o,relu,120,0.4,10,0.0001,Adadelta,1.6411343405,0.6563407778739929,,,9.0,0.1173303574323654,0.6051613092422485,0.0812677294015884
37,rosy-sweep-84,uiqnw2ml,finished,-,viettran,,2022-12-14T10:48:23.000Z,137,6og0xp9o,relu,30,0.2,10,0.001,Adadelta,1.6411343405,0.6627944707870483,,,9.0,0.0712077096104621,0.6051613092422485,0.0854826867580413
38,happy-sweep-83,uiqnw2ml,finished,-,viettran,,2022-12-14T10:46:31.000Z,111,6og0xp9o,relu,60,0.4,10,0.0001,Adadelta,1.6411343405,0.6627944707870483,,,9.0,0.1013335958123207,0.6051613092422485,0.0881010219454765
39,sandy-sweep-82,uiqnw2ml,finished,-,viettran,,2022-12-14T10:44:39.000Z,110,6og0xp9o,relu,60,0.2,10,0.005,SGD,1.6411343405,0.6627944707870483,,,9.0,0.0702422857284545,0.6051613092422485,0.086920216679573
40,honest-sweep-81,uiqnw2ml,finished,-,viettran,,2022-12-14T10:42:21.000Z,135,6og0xp9o,elu,90,0.6,10,0.0005,Adadelta,1.6411343405,0.3810906708240509,,,9.0,12.359403610229492,0.6051613092422485,0.0983568951487541
41,dry-sweep-80,uiqnw2ml,finished,-,viettran,,2022-12-14T10:39:59.000Z,137,6og0xp9o,elu,90,0.6,10,0.005,RMSProp,1.6411343405,0.6611810326576233,,,9.0,2.843501567840576,0.6051613092422485,0.1017700582742691
42,stellar-sweep-79,uiqnw2ml,finished,-,viettran,,2022-12-14T10:38:07.000Z,109,6og0xp9o,relu,90,0.4,10,0.0005,RMSProp,1.6411343405,0.6621490716934204,,,9.0,0.0638605132699012,0.6051613092422485,0.0717143714427948
43,magic-sweep-78,uiqnw2ml,finished,-,viettran,,2022-12-14T10:36:10.000Z,113,6og0xp9o,elu,30,0.4,10,0.0001,SGD,1.6411343405,0.6385930776596069,,,9.0,0.1442866027355194,0.6051613092422485,0.0805561393499374
44,giddy-sweep-77,uiqnw2ml,finished,-,viettran,,2022-12-14T10:33:48.000Z,137,6og0xp9o,relu,30,0.2,10,0.001,Adadelta,1.6411343405,0.6627944707870483,,,9.0,0.0705711543560028,0.6051613092422485,0.085369274020195
45,treasured-sweep-76,uiqnw2ml,finished,-,viettran,,2022-12-14T10:31:31.000Z,136,6og0xp9o,elu,150,0.2,10,0.0005,SGD,1.6411343405,0.6627944707870483,,,9.0,0.0829422697424888,0.6051613092422485,0.0811497792601585
46,silvery-sweep-75,uiqnw2ml,finished,-,viettran,,2022-12-14T10:29:09.000Z,138,6og0xp9o,relu,150,0.4,10,0.01,Adam,1.6411343405,0.6627944707870483,,,9.0,0.0702210441231727,0.6051613092422485,0.0842699110507965
47,breezy-sweep-74,uiqnw2ml,finished,-,viettran,,2022-12-14T10:27:10.000Z,113,6og0xp9o,relu,150,0.4,10,0.01,Adam,1.6411343405,0.6627944707870483,,,9.0,0.0702833831310272,0.6051613092422485,0.0847787708044052
48,smart-sweep-73,uiqnw2ml,finished,-,viettran,,2022-12-14T10:24:52.000Z,134,6og0xp9o,elu,60,0.4,10,0.001,Adadelta,1.6411343405,0.4769280552864074,,,9.0,1.0283929109573364,0.6051613092422485,0.1411724984645843
49,peach-sweep-72,uiqnw2ml,finished,-,viettran,,2022-12-14T10:22:55.000Z,112,6og0xp9o,elu,60,0.6,10,0.005,Adam,1.6411343405,0.6521458625793457,,,9.0,0.1300837099552154,0.6051613092422485,0.089321419596672
50,laced-sweep-71,uiqnw2ml,finished,-,viettran,,2022-12-14T10:21:03.000Z,110,6og0xp9o,tanh,150,0.4,10,0.0001,SGD,1.6411343405,0.6285898685455322,,,9.0,0.1654087454080581,0.6051613092422485,0.0860943049192428
51,efficient-sweep-70,uiqnw2ml,finished,-,viettran,,2022-12-14T10:19:06.000Z,115,6og0xp9o,tanh,120,0.4,10,0.005,RMSProp,1.6411343405,0.6627944707870483,,,9.0,0.0738466754555702,0.6051613092422485,0.0851783901453018
52,vibrant-sweep-69,uiqnw2ml,finished,-,viettran,,2022-12-14T10:17:10.000Z,114,6og0xp9o,elu,120,0.4,10,0.0005,Adam,1.6411343405,0.5734107494354248,,,9.0,0.2956060171127319,0.6051613092422485,0.0863307639956474
53,gentle-sweep-68,uiqnw2ml,finished,-,viettran,,2022-12-14T10:14:53.000Z,134,6og0xp9o,relu,150,0.2,10,0.0001,Adam,1.6411343405,0.6627944707870483,,,9.0,0.0703005194664001,0.6051613092422485,0.0863232836127281
54,prime-sweep-67,uiqnw2ml,finished,-,viettran,,2022-12-14T10:13:01.000Z,110,6og0xp9o,elu,150,0.6,10,0.005,SGD,1.6411343405,0.6627944707870483,,,9.0,,0.6051613092422485,
55,sunny-sweep-66,uiqnw2ml,finished,-,viettran,,2022-12-14T10:11:04.000Z,116,6og0xp9o,tanh,120,0.2,10,0.0005,RMSProp,1.6411343405,0.6627944707870483,,,9.0,0.0769491642713546,0.6051613092422485,0.1074109971523284
56,warm-sweep-65,uiqnw2ml,finished,-,viettran,,2022-12-14T10:09:12.000Z,108,6og0xp9o,elu,30,0.4,10,0.01,Adam,1.6411343405,0.5634075403213501,,,9.0,0.2784077227115631,0.6051613092422485,0.0833174958825111
57,fresh-sweep-64,uiqnw2ml,finished,-,viettran,,2022-12-14T10:07:20.000Z,108,6og0xp9o,elu,120,0.2,10,0.0005,Adam,1.6411343405,0.6463375091552734,,,9.0,2.452836751937866,0.6051613092422485,0.4813034236431122
58,sunny-sweep-63,uiqnw2ml,finished,-,viettran,,2022-12-14T10:05:27.000Z,110,6og0xp9o,elu,30,0.4,10,0.001,RMSProp,1.6411343405,0.6331074833869934,,,9.0,0.1928078979253769,0.6051613092422485,0.0856391191482544
59,tough-sweep-62,uiqnw2ml,finished,-,viettran,,2022-12-14T10:03:35.000Z,110,6og0xp9o,relu,30,0.2,10,0.0005,RMSProp,1.6411343405,0.6627944707870483,8.0,0.0488120280206203,9.0,0.0463327653706073,0.6090322732925415,0.0508007779717445
60,warm-sweep-61,uiqnw2ml,finished,-,viettran,,2022-12-14T10:01:36.000Z,118,6og0xp9o,elu,30,0.4,10,0.0001,RMSProp,1.6411343405,0.6611810326576233,,,9.0,0.0826682969927787,0.6051613092422485,0.0730636343359947
61,frosty-sweep-60,uiqnw2ml,finished,-,viettran,,2022-12-14T09:59:49.000Z,105,6og0xp9o,relu,90,0.4,10,0.01,SGD,1.6411343405,0.6627944707870483,,,9.0,0.070340447127819,0.6051613092422485,0.0859753489494323
62,fine-sweep-59,uiqnw2ml,finished,-,viettran,,2022-12-14T09:57:58.000Z,110,6og0xp9o,elu,150,0.4,10,0.0005,RMSProp,1.6411343405,0.6621490716934204,,,9.0,0.0897188410162925,0.6051613092422485,0.0800804048776626
63,sunny-sweep-58,uiqnw2ml,finished,-,viettran,,2022-12-14T09:55:40.000Z,133,6og0xp9o,tanh,150,0.2,10,0.0001,SGD,1.6411343405,0.6589222550392151,,,9.0,0.10236407071352,0.6051613092422485,0.0840205997228622
64,light-sweep-57,uiqnw2ml,finished,-,viettran,,2022-12-14T09:53:25.000Z,132,6og0xp9o,relu,60,0.2,10,0.001,SGD,1.6411343405,0.6627944707870483,,,9.0,0.0703659281134605,0.6051613092422485,0.0871390253305435
65,fine-sweep-56,uiqnw2ml,finished,-,viettran,,2022-12-14T09:51:38.000Z,106,6og0xp9o,relu,60,0.2,10,0.0005,SGD,1.6411343405,0.6627944707870483,,,9.0,0.0704915225505828,0.6051613092422485,0.0868923366069793
66,dark-sweep-55,uiqnw2ml,finished,-,viettran,,2022-12-14T09:49:46.000Z,109,6og0xp9o,tanh,30,0.2,10,0.01,SGD,1.6411343405,0.6627944707870483,,,9.0,0.0711082592606544,0.6051613092422485,0.087398000061512
67,warm-sweep-54,uiqnw2ml,finished,-,viettran,,2022-12-14T09:47:54.000Z,111,6og0xp9o,elu,120,0.2,10,0.0001,RMSProp,1.6411343405,0.6627944707870483,4.0,0.0636650398373603,9.0,0.0529262609779834,0.6051613092422485,0.073615163564682
68,comfy-sweep-53,uiqnw2ml,finished,-,viettran,,2022-12-14T09:45:36.000Z,134,6og0xp9o,elu,150,0.6,10,0.0001,RMSProp,1.6411343405,0.5511455535888672,,,9.0,0.4036794006824493,0.6051613092422485,0.0859429538249969
69,dainty-sweep-52,uiqnw2ml,finished,-,viettran,,2022-12-14T09:43:48.000Z,105,6og0xp9o,relu,150,0.4,10,0.01,SGD,1.6411343405,0.6627944707870483,,,9.0,0.07024797052145,0.6051613092422485,0.0867086499929428
70,crimson-sweep-51,uiqnw2ml,finished,-,viettran,,2022-12-14T09:41:30.000Z,132,6og0xp9o,relu,60,0.2,10,0.0005,Adadelta,1.6411343405,0.6627944707870483,,,9.0,0.0714393183588981,0.6051613092422485,0.0852452516555786
71,blooming-sweep-50,uiqnw2ml,finished,-,viettran,,2022-12-14T09:39:38.000Z,110,6og0xp9o,tanh,30,0.6,10,0.001,Adadelta,1.6411343405,0.4191674590110779,,,9.0,1.950037240982056,0.6051613092422485,0.12815922498703
72,polar-sweep-49,uiqnw2ml,finished,-,viettran,,2022-12-14T09:37:46.000Z,110,6og0xp9o,elu,60,0.2,10,0.001,Adadelta,1.6411343405,0.6314940452575684,,,9.0,0.171420618891716,0.6051613092422485,0.0774489268660545
73,drawn-sweep-48,uiqnw2ml,finished,-,viettran,,2022-12-14T09:35:34.000Z,131,6og0xp9o,tanh,60,0.6,10,0.005,SGD,1.6411343405,0.6627944707870483,,,9.0,0.0708560049533844,0.6051613092422485,0.086313784122467
74,sunny-sweep-47,uiqnw2ml,finished,-,viettran,,2022-12-14T09:33:42.000Z,109,6og0xp9o,elu,30,0.4,10,0.001,Adadelta,1.6411343405,0.5033881664276123,,,9.0,0.7707958221435547,0.6051613092422485,0.1301066577434539
75,eager-sweep-46,uiqnw2ml,finished,-,viettran,,2022-12-14T09:31:25.000Z,131,6og0xp9o,elu,90,0.4,10,0.0005,Adadelta,1.6411343405,0.460148423910141,,,9.0,1.234279751777649,0.6051613092422485,0.1515112519264221
76,curious-sweep-45,uiqnw2ml,finished,-,viettran,,2022-12-14T09:29:33.000Z,110,6og0xp9o,elu,60,0.6,10,0.005,SGD,1.6411343405,0.6627944707870483,,,9.0,,0.6051613092422485,
77,playful-sweep-44,uiqnw2ml,finished,-,viettran,,2022-12-14T09:27:41.000Z,109,6og0xp9o,elu,120,0.4,10,0.001,SGD,1.6411343405,0.6595675945281982,,,9.0,0.0959224626421928,0.6051613092422485,0.0800377652049064
78,stellar-sweep-43,uiqnw2ml,finished,-,viettran,,2022-12-14T09:25:49.000Z,109,6og0xp9o,elu,30,0.2,10,0.0005,Adadelta,1.6411343405,0.6292352080345154,,,9.0,0.166999414563179,0.6051613092422485,0.0853563398122787
79,confused-sweep-42,uiqnw2ml,finished,-,viettran,,2022-12-14T09:23:57.000Z,110,6og0xp9o,elu,90,0.6,10,0.005,Adadelta,1.6411343405,0.4091642498970032,,,9.0,3.6025400161743164,0.006451612804085,1.157393455505371
80,dry-sweep-41,uiqnw2ml,finished,-,viettran,,2022-12-14T09:21:40.000Z,132,6og0xp9o,relu,90,0.2,10,0.001,RMSProp,1.6411343405,0.6627944707870483,,,9.0,0.0703942626714706,0.6051613092422485,0.0854154825210571
81,floral-sweep-40,uiqnw2ml,finished,-,viettran,,2022-12-14T09:19:47.000Z,109,6og0xp9o,tanh,30,0.2,10,0.01,Adam,1.6411343405,0.6602129936218262,,,9.0,0.1033807024359703,0.6051613092422485,0.0912681594491005
82,revived-sweep-39,uiqnw2ml,finished,-,viettran,,2022-12-14T09:17:56.000Z,109,6og0xp9o,tanh,150,0.4,10,0.005,RMSProp,1.6411343405,0.6627944707870483,,,9.0,0.0742437466979026,0.6051613092422485,0.0808194279670715
83,fancy-sweep-38,uiqnw2ml,finished,-,viettran,,2022-12-14T09:15:38.000Z,134,6og0xp9o,elu,90,0.6,10,0.0001,Adadelta,1.6411343405,0.3023555874824524,,,9.0,9.219768524169922,0.6051613092422485,0.0849516615271568
84,mild-sweep-37,uiqnw2ml,finished,-,viettran,,2022-12-14T09:13:41.000Z,111,6og0xp9o,tanh,150,0.2,10,0.0001,RMSProp,1.6411343405,0.6621490716934204,4.0,0.0670409351587295,9.0,0.0525880828499794,0.6051613092422485,0.0750796943902969
85,vocal-sweep-36,uiqnw2ml,finished,-,viettran,,2022-12-14T09:11:24.000Z,133,6og0xp9o,elu,30,0.2,10,0.001,Adam,1.6411343405,0.5669570565223694,,,9.0,0.2954435050487518,0.6051613092422485,0.080177366733551
86,crisp-sweep-35,uiqnw2ml,finished,-,viettran,,2022-12-14T09:09:37.000Z,105,6og0xp9o,relu,60,0.2,10,0.0005,Adadelta,1.6411343405,0.6627944707870483,,,9.0,0.0711514353752136,0.6051613092422485,0.0858049541711807
87,elated-sweep-34,uiqnw2ml,finished,-,viettran,,2022-12-14T09:07:42.000Z,113,6og0xp9o,tanh,120,0.2,10,0.001,Adadelta,1.6411343405,0.5995482206344604,,,9.0,0.2131964713335037,0.6051613092422485,0.0854782089591026
88,absurd-sweep-33,uiqnw2ml,finished,-,viettran,,2022-12-14T09:05:30.000Z,131,6og0xp9o,relu,90,0.6,10,0.0005,Adadelta,1.6411343405,0.5146821737289429,,,9.0,0.4244072735309601,0.6051613092422485,0.0872410237789154
89,youthful-sweep-32,uiqnw2ml,finished,-,viettran,,2022-12-14T09:03:38.000Z,109,6og0xp9o,elu,30,0.2,10,0.01,Adadelta,1.6411343405,0.6615037322044373,,,9.0,0.080269768834114,0.6051613092422485,0.0739899054169654
90,easy-sweep-31,uiqnw2ml,finished,-,viettran,,2022-12-14T09:00:24.000Z,191,6og0xp9o,elu,150,0.2,10,0.001,Adam,1.6411343405,0.5834140181541443,,,9.0,0.2688256800174713,0.6051613092422485,0.0814776197075843
91,vague-sweep-30,uiqnw2ml,finished,-,viettran,,2022-12-14T08:58:06.000Z,133,6og0xp9o,elu,150,0.6,10,0.0005,RMSProp,1.6411343405,0.6621490716934204,,,9.0,0.0771059691905975,0.6051613092422485,0.0855225995182991
92,classic-sweep-29,uiqnw2ml,finished,-,viettran,,2022-12-14T08:56:14.000Z,109,6og0xp9o,tanh,60,0.6,10,0.005,SGD,1.6411343405,0.6627944707870483,,,9.0,0.0708444118499755,0.6051613092422485,0.0823790207505226
93,solar-sweep-28,uiqnw2ml,finished,-,viettran,,2022-12-14T08:54:27.000Z,106,6og0xp9o,relu,60,0.2,10,0.0005,SGD,1.6411343405,0.6627944707870483,,,9.0,0.0704400762915611,0.6051613092422485,0.0826722085475921
94,faithful-sweep-27,uiqnw2ml,finished,-,viettran,,2022-12-14T08:52:35.000Z,111,6og0xp9o,elu,120,0.2,10,0.01,RMSProp,1.6411343405,0.6624717712402344,,,9.0,484360.4375,0.6051613092422485,0.1485462933778762
95,vivid-sweep-26,uiqnw2ml,finished,-,viettran,,2022-12-14T08:50:43.000Z,107,6og0xp9o,relu,60,0.6,10,0.01,SGD,1.6411343405,0.6627944707870483,,,9.0,0.0702874064445495,0.6051613092422485,0.0860184431076049
96,fancy-sweep-25,uiqnw2ml,finished,-,viettran,,2022-12-14T08:48:31.000Z,131,6og0xp9o,relu,90,0.2,10,0.0001,SGD,1.6411343405,0.6627944707870483,,,9.0,0.0720244273543357,0.6051613092422485,0.0866700038313865
97,lively-sweep-24,uiqnw2ml,finished,-,viettran,,2022-12-14T08:46:39.000Z,108,6og0xp9o,relu,150,0.2,10,0.0001,Adam,1.6411343405,0.6627944707870483,,,9.0,0.0702779963612556,0.6051613092422485,0.0857514590024948
98,rich-sweep-23,uiqnw2ml,finished,-,viettran,,2022-12-14T08:44:47.000Z,108,6og0xp9o,tanh,120,0.6,10,0.005,Adam,1.6411343405,0.6627944707870483,,,9.0,0.0706481859087944,0.6051613092422485,0.0854882150888443
99,northern-sweep-22,uiqnw2ml,finished,-,viettran,,2022-12-14T08:42:30.000Z,134,6og0xp9o,elu,90,0.6,10,0.01,Adadelta,1.6411343405,0.397870272397995,,,9.0,4.3927154541015625,0.6051613092422485,0.0995083749294281
100,woven-sweep-21,uiqnw2ml,finished,-,viettran,,2022-12-14T08:40:12.000Z,133,6og0xp9o,tanh,60,0.6,10,0.01,Adam,1.6411343405,0.6627944707870483,,,9.0,0.070857897400856,0.6051613092422485,0.0842154994606971
101,robust-sweep-20,uiqnw2ml,finished,-,viettran,,2022-12-14T08:38:15.000Z,112,6og0xp9o,elu,30,0.2,10,0.001,RMSProp,1.6411343405,0.6008389592170715,,,9.0,6932.72802734375,0.6051613092422485,0.085601232945919
102,copper-sweep-19,uiqnw2ml,finished,-,viettran,,2022-12-14T08:36:18.000Z,116,6og0xp9o,elu,120,0.6,10,0.01,Adadelta,1.6411343405,0.4546627998352051,,,9.0,1.9790003299713137,0.6051613092422485,0.2297711968421936
103,polished-sweep-18,uiqnw2ml,finished,-,viettran,,2022-12-14T08:34:26.000Z,110,6og0xp9o,tanh,60,0.4,10,0.01,Adadelta,1.6411343405,0.5108099579811096,,,9.0,0.5726668238639832,0.6051613092422485,0.0842208191752433
104,frosty-sweep-17,uiqnw2ml,finished,-,viettran,,2022-12-14T08:32:09.000Z,134,6og0xp9o,relu,150,0.6,10,0.0001,Adadelta,1.6411343405,0.5543723702430725,,,9.0,0.7403577566146851,0.6051613092422485,0.0847238525748252
105,bright-sweep-16,uiqnw2ml,finished,-,viettran,,2022-12-14T08:30:07.000Z,119,6og0xp9o,elu,90,0.4,10,0.01,Adadelta,1.6411343405,0.6131010055541992,,,9.0,0.1958083063364029,0.6051613092422485,0.0786813870072364
106,rare-sweep-15,uiqnw2ml,finished,-,viettran,,2022-12-14T08:27:49.000Z,133,6og0xp9o,relu,150,0.4,10,0.001,RMSProp,1.6411343405,0.6627944707870483,,,9.0,0.0703267380595207,0.6051613092422485,0.0869319960474968
107,fresh-sweep-14,uiqnw2ml,finished,-,viettran,,2022-12-14T08:25:56.000Z,110,6og0xp9o,tanh,30,0.4,10,0.005,SGD,1.6411343405,0.6627944707870483,,,9.0,0.0704802796244621,0.6051613092422485,0.0851610526442527
108,light-sweep-13,uiqnw2ml,finished,-,viettran,,2022-12-14T08:23:35.000Z,132,6og0xp9o,relu,90,0.4,10,0.0001,RMSProp,1.6411343405,0.6627944707870483,9.0,0.0699562653899192,9.0,0.063869684934616,0.6051613092422485,0.0699562653899192
109,upbeat-sweep-12,uiqnw2ml,finished,-,viettran,,2022-12-14T08:21:43.000Z,108,6og0xp9o,relu,120,0.2,10,0.0001,Adam,1.6411343405,0.6627944707870483,,,9.0,0.0702801644802093,0.6051613092422485,0.085610993206501
110,silver-sweep-11,uiqnw2ml,finished,-,viettran,,2022-12-14T08:19:51.000Z,108,6og0xp9o,elu,60,0.4,10,0.0001,SGD,1.6411343405,0.6434333920478821,,,9.0,0.1399020850658416,0.6051613092422485,0.086795762181282
111,blooming-sweep-10,uiqnw2ml,finished,-,viettran,,2022-12-14T08:17:54.000Z,114,6og0xp9o,tanh,60,0.6,10,0.01,Adam,1.6411343405,0.6627944707870483,2.0,0.0775730982422828,9.0,0.0706384405493736,0.6051613092422485,0.0836997330188751
112,flowing-sweep-9,uiqnw2ml,finished,-,viettran,,2022-12-14T08:15:37.000Z,131,6og0xp9o,tanh,90,0.6,10,0.01,Adam,1.6411343405,0.6627944707870483,4.0,0.0803161785006523,9.0,0.0707651749253273,0.6051613092422485,0.0841492563486099
113,different-sweep-8,uiqnw2ml,finished,-,viettran,,2022-12-14T08:13:19.000Z,133,6og0xp9o,elu,150,0.4,10,0.001,RMSProp,1.6411343405,0.640206515789032,,,9.0,27.39713859558105,0.6051613092422485,0.084061823785305
114,grateful-sweep-7,uiqnw2ml,finished,-,viettran,,2022-12-14T08:10:59.000Z,126,6og0xp9o,tanh,60,0.2,10,0.0005,Adadelta,1.6411343405,0.593739926815033,,,9.0,0.245614469051361,0.6051613092422485,0.0946713387966156
115,polar-sweep-6,uiqnw2ml,finished,-,viettran,,2022-12-14T08:08:45.000Z,132,6og0xp9o,relu,60,0.4,10,0.005,SGD,1.6411343405,0.6627944707870483,,,9.0,0.0703115463256836,0.6051613092422485,0.0854502394795417
116,elated-sweep-5,uiqnw2ml,finished,-,viettran,,2022-12-14T08:06:28.000Z,132,6og0xp9o,elu,90,0.6,10,0.01,RMSProp,1.6411343405,0.5563085079193115,,,9.0,291534.5,0.6051613092422485,0.103926807641983
117,visionary-sweep-4,uiqnw2ml,finished,-,viettran,,2022-12-14T08:04:36.000Z,109,6og0xp9o,relu,150,0.6,10,0.005,RMSProp,1.6411343405,0.6627944707870483,7.0,0.0832768380641937,9.0,0.0704388618469238,0.6051613092422485,0.0881698876619339
118,autumn-sweep-3,uiqnw2ml,finished,-,viettran,,2022-12-14T08:02:34.000Z,118,6og0xp9o,tanh,90,0.6,10,0.01,Adadelta,1.6411343405,0.4572442770004273,,,9.0,1.6307698488235474,0.6051613092422485,0.1111031025648117
119,gallant-sweep-2,uiqnw2ml,finished,-,viettran,,2022-12-14T08:00:20.000Z,131,6og0xp9o,relu,60,0.6,10,0.0005,Adadelta,1.6411343405,0.4801549017429352,9.0,0.0856707841157913,9.0,0.3102370500564575,0.6051613092422485,0.0856707841157913
120,lucky-sweep-1,uiqnw2ml,finished,-,viettran,,2022-12-14T07:57:49.000Z,146,6og0xp9o,relu,60,0.2,10,0.01,Adadelta,1.6411343405,0.6627944707870483,9.0,0.0857840031385421,9.0,0.0701658353209495,0.6051613092422485,0.0857840031385421
